"","Country","Station","Status","From","To","Length","Missing"
"station_info","afganistan","herat","OK","1963","1990","28","16"
"station_info","afganistan","kabul","OK","1961","1992","32","12"
"station_info","afganistan","mazar_i_sharif","OK","1964","1992","29","11"
"station_info","algerie","adrar","OK","1965","2011","47","4"
"station_info","algerie","alger_dar_elbeida","OK","1923","2011","89","3"
"station_info","algerie","beni_abbes","OK","1931","2011","81","25"
"station_info","algerie","constantine","ERROR","NA","NA","NA","NA"
"station_info","algerie","el_golea","OK","1930","2011","82","3"
"station_info","algerie","in_amenas","OK","1963","2011","49","8"
"station_info","algerie","in_salah","OK","1964","2011","48","4"
"station_info","algerie","oran","OK","1908","2011","104","12"
"station_info","algerie","tamanrasset","OK","1940","2011","72","2"
"station_info","alpene","andermatt","OK","1966","2006","41","2"
"station_info","alpene","basel","ERROR","NA","NA","NA","NA"
"station_info","alpene","davos","OK","1901","2006","106","2"
"station_info","alpene","engelberg","OK","1931","2006","76","2"
"station_info","alpene","geneve_ecad","OK","1901","2009","109","1"
"station_info","alpene","geneve","ERROR","NA","NA","NA","NA"
"station_info","alpene","graz","OK","1894","2009","116","1"
"station_info","alpene","hohenpeissenberg","OK","1781","2009","229","2"
"station_info","alpene","innsbruck","OK","1877","2009","133","9"
"station_info","alpene","kempten","OK","1952","2009","58","1"
"station_info","alpene","klagenfurt","OK","1881","2009","129","4"
"station_info","alpene","konstanz","OK","1972","2009","38","2"
"station_info","alpene","kredarica","OK","1955","2009","55","1"
"station_info","alpene","kremsmunster","OK","1876","2009","134","1"
"station_info","alpene","la_chaux_de_fond","OK","1901","2006","106","1"
"station_info","alpene","lugano_ecad","OK","1901","2009","109","1"
"station_info","alpene","lugano","OK","1949","2009","61","1"
"station_info","alpene","luzern","OK","1931","2006","76","2"
"station_info","alpene","munchen","OK","1781","2009","229","2"
"station_info","alpene","neuchatel","OK","1901","2006","106","1"
"station_info","alpene","saentis_ecad","OK","1901","2009","109","2"
"station_info","alpene","saentis","OK","1883","2009","127","1"
"station_info","alpene","salzburg","ERROR","NA","NA","NA","NA"
"station_info","alpene","samedan","OK","1901","2006","106","1"
"station_info","alpene","san_bernadino","OK","1968","2006","39","1"
"station_info","alpene","sion_homogen","ERROR","NA","NA","NA","NA"
"station_info","alpene","sonnblick","OK","1887","2009","123","1"
"station_info","alpene","st_bernhard","OK","1901","2006","106","11"
"station_info","alpene","st_gallen","OK","1931","2006","76","1"
"station_info","alpene","wien","OK","1855","2009","155","10"
"station_info","alpene","zugspitze","OK","1951","2009","59","1"
"station_info","alpene","zuruck","ERROR","NA","NA","NA","NA"
"station_info","antarktis","casey","OK","1957","2010","54","0"
"station_info","antarktis","davis","OK","1957","2010","54","4"
"station_info","antarktis","dumont","OK","1950","2010","61","5"
"station_info","antarktis","faraday","ERROR","NA","NA","NA","NA"
"station_info","antarktis","farad","ERROR","NA","NA","NA","NA"
"station_info","antarktis","far","ERROR","NA","NA","NA","NA"
"station_info","antarktis","halley","OK","1956","2010","55","0"
"station_info","antarktis","mawson","OK","1954","2010","57","0"
"station_info","antarktis","mcmurdo","OK","1956","2010","55","2"
"station_info","antarktis","mirnyy","OK","1956","2010","55","0"
"station_info","antarktis","neumayer","ERROR","NA","NA","NA","NA"
"station_info","antarktis","novolazarevsk","OK","1961","2010","50","0"
"station_info","antarktis","rothera_point","OK","1946","2010","65","8"
"station_info","antarktis","sydpolen","ERROR","NA","NA","NA","NA"
"station_info","antarktis","syowa","OK","1957","2010","54","5"
"station_info","antarktis","troll","ERROR","NA","NA","NA","NA"
"station_info","antarktis","vostok","OK","1958","2010","53","4"
"station_info","argentina","bahia_blanca","OK","1930","2010","81","5"
"station_info","argentina","buenos_aires_aero","OK","1951","2010","60","3"
"station_info","argentina","buenos_aires","OK","1856","2006","151","1"
"station_info","argentina","catamarca","OK","1930","2010","81","5"
"station_info","argentina","ceres","OK","1931","2010","80","2"
"station_info","argentina","comodoro_riva","OK","1931","2010","80","2"
"station_info","argentina","cordoba","ERROR","NA","NA","NA","NA"
"station_info","argentina","corrientes","OK","1931","2006","76","4"
"station_info","argentina","la_rioja","OK","1931","2010","80","2"
"station_info","argentina","rio_cuarto","OK","1931","2010","80","4"
"station_info","argentina","rio_gallegos","OK","1931","2010","80","7"
"station_info","argentina","rosario","OK","1941","2010","70","2"
"station_info","argentina","salta","OK","1917","2010","94","3"
"station_info","argentina","san_antonio","OK","1931","2010","80","5"
"station_info","argentina","san_julian","OK","1951","2010","60","17"
"station_info","argentina","santiago_del_estero","OK","1931","2010","80","6"
"station_info","argentina","trelew","OK","1901","2010","110","3"
"station_info","argentina","ushuaia","OK","1931","2010","80","7"
"station_info","arktis","alert","OK","1950","2009","60","2"
"station_info","arktis","angmassalik","OK","1895","2009","115","2"
"station_info","arktis","barrow","OK","1901","2009","109","17"
"station_info","arktis","bjornoya","OK","1920","2009","90","1"
"station_info","arktis","cambridge_bay","OK","1929","2009","81","11"
"station_info","arktis","clyde","OK","1933","2008","76","12"
"station_info","arktis","cokurda","OK","1939","2009","71","8"
"station_info","arktis","danmarks_havn","OK","1949","2009","61","4"
"station_info","arktis","dawson","ERROR","NA","NA","NA","NA"
"station_info","arktis","egedesminde","OK","1949","2009","61","2"
"station_info","arktis","eureka","OK","1947","2009","63","3"
"station_info","arktis","fairbanks","OK","1929","2009","81","2"
"station_info","arktis","gmo","OK","1932","2009","78","3"
"station_info","arktis","hopen","OK","1945","2009","65","1"
"station_info","arktis","illulisat","OK","1873","2009","137","2"
"station_info","arktis","ittoqqortoormiit","OK","1954","2009","56","2"
"station_info","arktis","janmayen","OK","1921","2009","89","1"
"station_info","arktis","khatanga","OK","1929","2009","81","6"
"station_info","arktis","kotzebue","OK","1897","2009","113","31"
"station_info","arktis","mcgrath","ERROR","NA","NA","NA","NA"
"station_info","arktis","mys_smidta","ERROR","NA","NA","NA","NA"
"station_info","arktis","mys_ulen","OK","1918","2009","92","15"
"station_info","arktis","nome","OK","1906","2009","104","2"
"station_info","arktis","nook_nasa","OK","1881","2009","129","3"
"station_info","arktis","nook","ERROR","NA","NA","NA","NA"
"station_info","arktis","nord","OK","1952","2009","58","25"
"station_info","arktis","ostrov_dikson","OK","1916","2009","94","3"
"station_info","arktis","ostrov_kotel","OK","1933","2009","77","5"
"station_info","arktis","ostrov_vize","OK","1951","2009","59","1"
"station_info","arktis","resolute_bay","OK","1947","2009","63","2"
"station_info","arktis","scoresbysund","OK","1924","2007","84","67"
"station_info","arktis","svalbard_lufthavn","ERROR","NA","NA","NA","NA"
"station_info","arktis","tasiilaq","OK","1895","2009","115","1"
"station_info","arktis","upernavik","OK","1873","2009","137","2"
"station_info","arktis","vrangelja","ERROR","NA","NA","NA","NA"
"station_info","aserbajdsjan","lenkoran","OK","1882","1990","109","11"
"station_info","atlanterhavet","azorene_horta","OK","1917","2008","92","6"
"station_info","atlanterhavet","azorene_santa_maria","OK","1961","2005","45","7"
"station_info","atlanterhavet","base_orcadas","OK","1903","2009","107","1"
"station_info","atlanterhavet","funchal","OK","1946","2009","64","2"
"station_info","atlanterhavet","gander","OK","1937","2009","73","1"
"station_info","atlanterhavet","gough_island","ERROR","NA","NA","NA","NA"
"station_info","atlanterhavet","gough","ERROR","NA","NA","NA","NA"
"station_info","atlanterhavet","grantly_adams","OK","1951","2009","59","5"
"station_info","atlanterhavet","grytviken","OK","1905","2009","105","16"
"station_info","atlanterhavet","halifax","OK","1953","2009","57","10"
"station_info","atlanterhavet","nassau","OK","1881","2009","129","10"
"station_info","atlanterhavet","port_stanley","ERROR","NA","NA","NA","NA"
"station_info","atlanterhavet","sable_island","OK","1897","2009","113","3"
"station_info","atlanterhavet","st_helena","OK","1892","2009","118","7"
"station_info","atlanterhavet","st_johns","OK","1897","2009","113","10"
"station_info","atlanterhavet","st_martin","OK","1951","2009","59","16"
"station_info","atlanterhavet","tenerife","OK","1947","2009","63","8"
"station_info","atlanterhavet","torshavn","OK","1890","2009","120","1"
"station_info","australia","adelaide","OK","1881","2012","132","2"
"station_info","australia","alice_springs","OK","1881","2012","132","2"
"station_info","australia","brisbane","OK","1887","2012","126","3"
"station_info","australia","broome","OK","1939","2012","74","2"
"station_info","australia","cairns","OK","1907","2012","106","3"
"station_info","australia","camooweal","OK","1907","2012","105","12"
"station_info","australia","canberra","OK","1939","2012","74","1"
"station_info","australia","cap_leuwin","OK","1897","2012","116","1"
"station_info","australia","cap_otway","OK","1865","2012","148","15"
"station_info","australia","carnarvon","OK","1945","2012","68","4"
"station_info","australia","connamulla","OK","1907","2012","106","5"
"station_info","australia","darwin","OK","1882","2012","131","1"
"station_info","australia","dubbo","ERROR","NA","NA","NA","NA"
"station_info","australia","echucao","OK","1881","2012","132","9"
"station_info","australia","georgetown","OK","1907","2012","106","11"
"station_info","australia","geraldton","OK","1941","2012","73","7"
"station_info","australia","giles","OK","1956","2012","57","3"
"station_info","australia","halls_creek","OK","1944","2012","69","3"
"station_info","australia","hobarth","OK","1841","2012","172","26"
"station_info","australia","launceston","OK","1939","2012","74","3"
"station_info","australia","mackay","OK","1951","2012","62","4"
"station_info","australia","meekatharra","OK","1949","2012","64","2"
"station_info","australia","melbourne","OK","1855","2012","158","9"
"station_info","australia","perth","OK","1885","2012","128","23"
"station_info","australia","port_hedland","OK","1948","2012","65","1"
"station_info","australia","richmond","OK","1908","2012","105","11"
"station_info","australia","sidney","ERROR","NA","NA","NA","NA"
"station_info","australia","willis_island","OK","1939","2012","74","1"
"station_info","australia","wilsons_obs","OK","1881","2012","132","3"
"station_info","bahrein","bahrein","OK","1902","2009","108","16"
"station_info","belgia","ostende","OK","1953","2008","56","1"
"station_info","belgia","uccle2","OK","1881","2010","130","1"
"station_info","belgia","uccle","OK","1833","2008","176","1"
"station_info","brasil","belem","OK","1949","2009","61","4"
"station_info","brasil","brasilia","OK","1963","2009","47","1"
"station_info","brasil","conceicao_do_araguaya","OK","1960","2009","50","2"
"station_info","brasil","corumba","OK","1950","2009","60","14"
"station_info","brasil","cruzeiro_do_sul","OK","1960","2009","50","13"
"station_info","brasil","cuiaba","OK","1901","2008","108","2"
"station_info","brasil","curitiba","ERROR","NA","NA","NA","NA"
"station_info","brasil","manaus","OK","1928","2009","82","3"
"station_info","brasil","porto_alegre","OK","1949","2009","61","4"
"station_info","brasil","porto_velho","OK","1957","2008","52","8"
"station_info","brasil","quiexeramobin","OK","1896","2009","114","6"
"station_info","brasil","rio_branco","OK","1975","2009","35","4"
"station_info","brasil","rio_de_janeiro","OK","1883","1989","107","1"
"station_info","brasil","salvador","ERROR","NA","NA","NA","NA"
"station_info","brasil","sao_gabriel","OK","1931","2009","79","8"
"station_info","brasil","sao_paulo","OK","1887","2009","123","2"
"station_info","bulgaria","sofia","OK","1951","2012","62","1"
"station_info","bulgaria","varna","OK","1960","2012","53","4"
"station_info","burkina_faso","bobo_dioulasso","OK","1941","2010","70","2"
"station_info","burkina_faso","ouahigouya","OK","1961","2010","50","3"
"station_info","burkina_faso","ougadougou","OK","1941","2010","70","3"
"station_info","canada","alert2","ERROR","NA","NA","NA","NA"
"station_info","canada","alert3","ERROR","NA","NA","NA","NA"
"station_info","canada","alert4","ERROR","NA","NA","NA","NA"
"station_info","canada","alert_august","ERROR","NA","NA","NA","NA"
"station_info","canada","alert_februar","ERROR","NA","NA","NA","NA"
"station_info","canada","alert_januar","ERROR","NA","NA","NA","NA"
"station_info","canada","alert_juli","ERROR","NA","NA","NA","NA"
"station_info","canada","alert_juni","ERROR","NA","NA","NA","NA"
"station_info","canada","alert_mai","ERROR","NA","NA","NA","NA"
"station_info","canada","alert_ny","ERROR","NA","NA","NA","NA"
"station_info","canada","alert_september","ERROR","NA","NA","NA","NA"
"station_info","canada","alert","OK","1950","2012","63","2"
"station_info","canada","baker_lake","OK","1946","2012","67","4"
"station_info","canada","calgary","OK","1884","2012","129","2"
"station_info","canada","cambridge_bay","OK","1929","2012","84","11"
"station_info","canada","chesterfield","OK","1921","1980","60","4"
"station_info","canada","churchild","OK","1884","2012","129","31"
"station_info","canada","clyde","OK","1933","2012","80","13"
"station_info","canada","coppermine","OK","1930","2011","87","10"
"station_info","canada","coral_harbour","OK","1933","2012","80","12"
"station_info","canada","dawson","ERROR","NA","NA","NA","NA"
"station_info","canada","edmonton","ERROR","NA","NA","NA","NA"
"station_info","canada","eureka2","OK","1947","2006","60","3"
"station_info","canada","eureka","OK","1947","2012","66","3"
"station_info","canada","fort_chimo","OK","1941","2012","72","4"
"station_info","canada","fort_nelson","OK","1937","2012","76","2"
"station_info","canada","fort_simpson","OK","1895","NA","119","14"
"station_info","canada","fort_smith","OK","1928","2012","85","1"
"station_info","canada","frobisher_bay","OK","1942","2012","71","2"
"station_info","canada","gander","OK","1937","2012","76","1"
"station_info","canada","goose_bay","OK","1941","2012","72","2"
"station_info","canada","halifax","OK","1953","2012","60","8"
"station_info","canada","hall_beach","ERROR","NA","NA","NA","NA"
"station_info","canada","inukjuak","OK","1921","2012","92","9"
"station_info","canada","inuvik","OK","1957","2012","56","4"
"station_info","canada","mackensey","OK","1950","1978","29","0"
"station_info","canada","montreal","ERROR","NA","NA","NA","NA"
"station_info","canada","moosonee","ERROR","NA","NA","NA","NA"
"station_info","canada","norman_wells","OK","1943","2012","70","2"
"station_info","canada","prince_george","OK","1912","2012","101","2"
"station_info","canada","quebec-1","OK","1943","1990","48","1"
"station_info","canada","quebec-2","OK","1881","1959","79","1"
"station_info","canada","quebec","OK","1998","2012","15","1"
"station_info","canada","resolute_bay","OK","1947","2012","66","2"
"station_info","canada","sable_island","OK","1897","2012","116","5"
"station_info","canada","salt_stmarie","OK","1888","2011","124","2"
"station_info","canada","sandspit","OK","1945","2012","68","7"
"station_info","canada","st_johns","OK","1897","2011","115","10"
"station_info","canada","the_pas","OK","1910","2012","103","3"
"station_info","canada","thunderbay","OK","1941","2004","64","13"
"station_info","canada","toronto_1880","ERROR","NA","NA","NA","NA"
"station_info","canada","toronto-1949-2001","ERROR","NA","NA","NA","NA"
"station_info","canada","toronto","ERROR","NA","NA","NA","NA"
"station_info","canada","vancouver","OK","1937","2012","76","1"
"station_info","canada","whitehorse","OK","1942","2012","71","3"
"station_info","canada","winnipeg","OK","1881","2012","132","3"
"station_info","canada","yellowknife","OK","1943","2012","70","3"
"station_info","chile","antofagasta","OK","1951","2011","61","1"
"station_info","chile","balmaceda","OK","1958","2011","54","14"
"station_info","chile","conception","OK","1951","2011","61","12"
"station_info","chile","la_serena","OK","1941","2011","71","3"
"station_info","chile","pudahuel","OK","1903","2011","109","7"
"station_info","chile","puerto_montt","OK","1951","2011","61","1"
"station_info","chile","punta_arenas","OK","1888","2011","124","1"
"station_info","chile","temoco","OK","1951","2011","61","12"
"station_info","chile","temuco","OK","1951","2011","61","12"
"station_info","china","beijing","ERROR","NA","NA","NA","NA"
"station_info","china","changsha","OK","1911","1988","78","11"
"station_info","china","dalian","ERROR","NA","NA","NA","NA"
"station_info","china","dulan","OK","1954","2012","59","2"
"station_info","china","ganzhou","OK","1939","2012","74","7"
"station_info","china","guangzhou","OK","1912","2012","101","6"
"station_info","china","haikou","OK","1928","2012","85","6"
"station_info","china","harbin","OK","1909","1990","82","5"
"station_info","china","hotan","OK","1942","2012","71","4"
"station_info","china","jiukuan","OK","1934","2012","79","2"
"station_info","china","kashi","OK","1958","2012","55","2"
"station_info","china","kunming","OK","1921","2012","92","9"
"station_info","china","lasa-raa","ERROR","NA","NA","NA","NA"
"station_info","china","lhasa_nasa","ERROR","NA","NA","NA","NA"
"station_info","china","lhasa_nyeste","OK","1955","2007","53","1"
"station_info","china","lhasa","OK","1935","1992","58","13"
"station_info","china","lushun","OK","1906","1944","39","0"
"station_info","china","nanchang","OK","1929","2012","84","10"
"station_info","china","nanjing","OK","1952","2012","61","15"
"station_info","china","nanning","OK","1922","2012","91","7"
"station_info","china","qigihar","OK","1950","2012","63","2"
"station_info","china","quingdao","OK","1898","2012","115","5"
"station_info","china","ruokiang","OK","1953","2012","60","1"
"station_info","china","shanghai","ERROR","NA","NA","NA","NA"
"station_info","china","shantou","OK","1924","2012","89","11"
"station_info","china","shenyang","OK","1905","2012","108","6"
"station_info","china","taiyuan","OK","1916","2012","97","9"
"station_info","china","tengshong","OK","1916","2012","97","13"
"station_info","china","tianjin","OK","1923","1990","68","1"
"station_info","china","turpan","OK","1951","1990","40","1"
"station_info","china","urumki","OK","1907","2012","106","32"
"station_info","china","wuhan2","ERROR","NA","NA","NA","NA"
"station_info","china","wuhan","ERROR","NA","NA","NA","NA"
"station_info","china","xian","OK","1922","2005","84","7"
"station_info","china","xichang","OK","1939","2012","74","4"
"station_info","china","yanji","OK","1914","2012","99","22"
"station_info","china","yantai","OK","1905","1988","84","9"
"station_info","china","yinchuan","OK","1950","2012","63","3"
"station_info","china","yining","OK","1951","2012","62","2"
"station_info","china","zhengzhou","OK","1950","2012","63","2"
"station_info","china","zhijiang","OK","1938","2012","75","6"
"station_info","colombia","bogota","ERROR","NA","NA","NA","NA"
"station_info","colombia","cartagena","OK","1959","2009","51","2"
"station_info","danmark","bornholm","OK","1874","2012","139","1"
"station_info","danmark","kobenhavn_1700_1800","ERROR","NA","NA","NA","NA"
"station_info","danmark","kobenhavn","ERROR","NA","NA","NA","NA"
"station_info","danmark","nordby","OK","1875","2012","138","2"
"station_info","danmark","tranebjerg","OK","1873","2012","140","1"
"station_info","danmark","vestervig","OK","1875","2012","138","1"
"station_info","egypt","alexandria","OK","1870","1990","121","10"
"station_info","egypt","aswan","OK","1904","2009","106","4"
"station_info","egypt","cairo","OK","1869","1995","127","37"
"station_info","egypt","helwan","ERROR","NA","NA","NA","NA"
"station_info","egypt","luxor","ERROR","NA","NA","NA","NA"
"station_info","egypt","mersa_matruh","OK","1950","2009","60","5"
"station_info","equador","quito","OK","1891","1990","100","10"
"station_info","estland","pyarnu","OK","1936","2010","75","1"
"station_info","estland","tallin_1","OK","1881","2010","130","7"
"station_info","estland","tallin_2","OK","1934","2010","77","3"
"station_info","estland","tallin_3(2)","OK","1936","2010","75","1"
"station_info","estland","tallin_3","OK","1936","2010","75","1"
"station_info","etiopia","addis_abeba","OK","1898","2010","113","40"
"station_info","etiopia","gondar","OK","1952","2010","59","13"
"station_info","faroyene","torshavn","OK","1890","2012","123","1"
"station_info","filipinene","dagupan","OK","1951","2010","60","3"
"station_info","filipinene","laoag","OK","1951","2010","60","8"
"station_info","filipinene","legaspi","OK","1903","2010","108","7"
"station_info","filipinene","manila_aeroport","OK","1950","2008","59","4"
"station_info","filipinene","manila","OK","1887","1993","107","13"
"station_info","filipinene","tacloban","OK","1949","2010","62","2"
"station_info","filipinene","zamboanga","OK","1951","2010","60","3"
"station_info","finland","helsinki","OK","1890","2012","123","3"
"station_info","finland","ivalo","OK","1947","2011","65","2"
"station_info","finland","jyveskyle","OK","1890","2012","123","4"
"station_info","finland","kuopio","OK","1890","2012","123","6"
"station_info","finland","kuusamo","OK","1908","2012","105","6"
"station_info","finland","lappeenranta","OK","1890","2012","123","5"
"station_info","finland","oulu2","ERROR","NA","NA","NA","NA"
"station_info","finland","oulu","OK","1890","2011","145","24"
"station_info","finland","rovaniemi","ERROR","NA","NA","NA","NA"
"station_info","finland","rov","ERROR","NA","NA","NA","NA"
"station_info","finland","ruukki","OK","1971","2009","39","8"
"station_info","finland","sodankyle","OK","1908","2012","105","3"
"station_info","finland","tampere","OK","1890","2012","123","4"
"station_info","finland","turku","ERROR","NA","NA","NA","NA"
"station_info","finland","utti","OK","1971","2009","39","8"
"station_info","frankrike","ajaccio","OK","1951","2009","59","1"
"station_info","frankrike","biaritz","OK","1956","2009","54","1"
"station_info","frankrike","bordeaux","OK","1949","2009","61","1"
"station_info","frankrike","bourges","OK","1949","2009","61","1"
"station_info","frankrike","brest","OK","1955","2009","55","2"
"station_info","frankrike","chateauroux","OK","1921","2009","89","1"
"station_info","frankrike","cognac","OK","1947","2009","63","1"
"station_info","frankrike","dijon","OK","1951","2009","59","1"
"station_info","frankrike","limoges","OK","1951","2009","59","1"
"station_info","frankrike","lyon","OK","1851","2009","159","22"
"station_info","frankrike","marseille","OK","1881","2009","129","4"
"station_info","frankrike","mont_aigoual","OK","1949","2009","61","1"
"station_info","frankrike","nantes","OK","1851","2009","159","1"
"station_info","frankrike","nice","OK","1951","2009","59","1"
"station_info","frankrike","nimes","OK","1925","2009","85","8"
"station_info","frankrike","paris","OK","1757","2009","253","1"
"station_info","frankrike","perpignan","OK","1881","2009","129","32"
"station_info","frankrike","rennes","OK","1925","2009","85","1"
"station_info","frankrike","strasbourg","OK","1801","2009","209","55"
"station_info","frankrike","toulouse","OK","1839","2009","171","49"
"station_info","frankrike","vichy_charmeil","OK","1956","2009","54","1"
"station_info","golfstrommen","andoya","OK","1868","2009","142","2"
"station_info","golfstrommen","bjornoya","OK","1920","2009","106","17"
"station_info","golfstrommen","bodo6","OK","1868","2009","142","1"
"station_info","golfstrommen","draugen","ERROR","NA","NA","NA","NA"
"station_info","golfstrommen","ekkofisk","ERROR","NA","NA","NA","NA"
"station_info","golfstrommen","fruholmen_fyr","OK","1954","2009","56","2"
"station_info","golfstrommen","glomfjord","OK","1916","2009","94","2"
"station_info","golfstrommen","gullfaks_c","ERROR","NA","NA","NA","NA"
"station_info","golfstrommen","heidrun","ERROR","NA","NA","NA","NA"
"station_info","golfstrommen","kraakenes","OK","1924","2009","86","34"
"station_info","golfstrommen","lerwick","ERROR","NA","NA","NA","NA"
"station_info","golfstrommen","mike","ERROR","NA","NA","NA","NA"
"station_info","golfstrommen","nordoyan_fyr","OK","1891","2009","119","32"
"station_info","golfstrommen","norne","ERROR","NA","NA","NA","NA"
"station_info","golfstrommen","ona2","OK","1868","2009","142","7"
"station_info","golfstrommen","orland3","OK","1936","2009","74","1"
"station_info","golfstrommen","skrova_fyr","OK","1934","2009","76","1"
"station_info","golfstrommen","sleipner_a","ERROR","NA","NA","NA","NA"
"station_info","golfstrommen","slettnes_fyr","OK","1927","2009","83","15"
"station_info","golfstrommen","stornoway","ERROR","NA","NA","NA","NA"
"station_info","golfstrommen","svinoy_fyr","OK","1956","2009","54","1"
"station_info","golfstrommen","torshavn","OK","1890","2009","120","1"
"station_info","golfstrommen","troll_a","ERROR","NA","NA","NA","NA"
"station_info","golfstrommen","utsira_fyr","OK","1868","2009","142","1"
"station_info","golfstrommen","valentia","OK","1881","2009","129","1"
"station_info","golfstrommen","vestmannaoyene","OK","1878","2009","132","1"
"station_info","golfstrommen","vigra","OK","1958","2009","52","2"
"station_info","gronland","angmassalik","OK","1895","2012","118","4"
"station_info","gronland","danmarks_havn","OK","1949","2012","64","4"
"station_info","gronland","egedesminde_gml","OK","1949","2011","63","2"
"station_info","gronland","egedesminde","ERROR","NA","NA","NA","NA"
"station_info","gronland","illulisat","OK","1873","2012","140","2"
"station_info","gronland","ittoqqortoormiit","OK","1954","2012","59","2"
"station_info","gronland","ivittuut","OK","1873","1960","88","0"
"station_info","gronland","narsarsuaq","OK","1961","2004","44","1"
"station_info","gronland","nook_nasa","OK","1881","2012","132","7"
"station_info","gronland","nook","ERROR","NA","NA","NA","NA"
"station_info","gronland","nord","OK","1952","2012","61","25"
"station_info","gronland","prince_christian_sund","OK","1949","2012","64","4"
"station_info","gronland","tasiilaq","OK","1895","2012","118","1"
"station_info","gronland","upernavik","OK","1873","2012","140","2"
"station_info","hellas","athen_obs2","OK","1947","2006","60","2"
"station_info","hellas","athen_observa2","OK","1947","2006","60","2"
"station_info","hellas","athen_obs","OK","1858","2009","152","1"
"station_info","hellas","herakleon","OK","1949","2009","61","2"
"station_info","hellas","kalamata","OK","1951","2009","59","1"
"station_info","hellas","kekyra","OK","1950","2009","60","2"
"station_info","hellas","larissa","OK","1936","2009","74","2"
"station_info","hellas","thessaloniki","OK","1939","2009","71","2"
"station_info","hviterussland","minsk","OK","1891","2012","122","2"
"station_info","india","agra","OK","1881","1987","107","3"
"station_info","india","ahmadabad","OK","1941","2012","72","1"
"station_info","india","akola","OK","1881","2012","132","1"
"station_info","india","allahabad","OK","1881","2012","132","5"
"station_info","india","amritsar","OK","1948","2012","65","2"
"station_info","india","bangalore","OK","1881","2012","132","2"
"station_info","india","bikaner","OK","1881","2012","132","3"
"station_info","india","bombay","OK","1881","2012","132","1"
"station_info","india","calcutta","OK","1881","2012","132","1"
"station_info","india","cherrapunji","OK","1903","2012","110","17"
"station_info","india","daltonganj","OK","1893","2012","120","10"
"station_info","india","darbhanga","OK","1876","1993","118","29"
"station_info","india","dhubri","OK","1881","1984","104","24"
"station_info","india","dibrugarh","OK","1901","2012","112","3"
"station_info","india","dwarka","OK","1901","2012","112","8"
"station_info","india","gauhati","OK","1902","2012","111","3"
"station_info","india","goa","OK","1961","2012","52","1"
"station_info","india","hyderabad","OK","1893","2012","120","1"
"station_info","india","indore","OK","1881","2012","132","1"
"station_info","india","jagdalpur","OK","1909","2012","104","2"
"station_info","india","jaipur","OK","1881","1990","110","23"
"station_info","india","jodhpur","OK","1897","2012","116","2"
"station_info","india","kota","OK","1898","1993","96","23"
"station_info","india","ludhiana","OK","1875","1984","110","23"
"station_info","india","madras","OK","1881","2012","132","1"
"station_info","india","muktesvar","OK","1897","2012","116","5"
"station_info","india","nagpur","OK","1881","2011","131","1"
"station_info","india","new_dehli","OK","1931","2012","82","1"
"station_info","india","pamban","OK","1891","2012","122","1"
"station_info","india","poona","OK","1931","2012","82","1"
"station_info","india","sagar","OK","1881","2012","132","2"
"station_info","india","silchar","OK","1870","1974","105","6"
"station_info","india","srinagar","OK","1893","2012","120","1"
"station_info","india","veraval","OK","1890","2012","123","3"
"station_info","indiske_hav","agalega","OK","1951","2009","59","2"
"station_info","indiske_hav","cocos_island","OK","1949","2009","61","1"
"station_info","indiske_hav","crozet","OK","1965","2009","45","14"
"station_info","indiske_hav","diego_garcia","OK","1954","2002","49","4"
"station_info","indiske_hav","kerguelen","OK","1950","2009","60","9"
"station_info","indiske_hav","marion_island","OK","1948","2009","62","2"
"station_info","indiske_hav","minicoy_maldivene","OK","1931","2009","79","1"
"station_info","indiske_hav","plaisance_mauritius","OK","1952","2009","58","2"
"station_info","indiske_hav","rodriguez","OK","1951","2009","59","2"
"station_info","indiske_hav","seychellene","OK","1894","2009","116","6"
"station_info","indonesia","jacarta","ERROR","NA","NA","NA","NA"
"station_info","irak","bagdad","OK","1888","1980","93","29"
"station_info","irak","basra","OK","1920","1980","61","22"
"station_info","irak","kirkuk","OK","1939","1980","42","13"
"station_info","irak","mosul","OK","1926","1980","55","15"
"station_info","irland","dublin","ERROR","NA","NA","NA","NA"
"station_info","irland","shannon","OK","1948","2009","62","0"
"station_info","irland","valentia","OK","1881","2009","129","0"
"station_info","island","aedoy","ERROR","NA","NA","NA","NA"
"station_info","island","akureyri","OK","1882","2012","131","1"
"station_info","island","dalatangi","ERROR","NA","NA","NA","NA"
"station_info","island","grimstadir","OK","1931","2012","82","1"
"station_info","island","hell","OK","1931","2011","81","1"
"station_info","island","holar_hornafirdi","OK","1949","2011","63","0"
"station_info","island","hraun_a_skaga","ERROR","NA","NA","NA","NA"
"station_info","island","raufarhofn","OK","1931","2009","79","1"
"station_info","island","reykjavik","OK","1870","2012","143","1"
"station_info","island","stykkisholmur","OK","1830","2012","183","1"
"station_info","island","teigarhorn","OK","1873","2009","137","4"
"station_info","island","vestmannaoyene","OK","1878","2012","135","1"
"station_info","israel","eilat","OK","1951","2009","59","1"
"station_info","israel","jerusalem","OK","1861","2004","144","13"
"station_info","israel","tel_aviv_lod","ERROR","NA","NA","NA","NA"
"station_info","italia","bologna","OK","1814","2009","195","1"
"station_info","italia","brindisi","OK","1951","2009","59","1"
"station_info","italia","cagliari","OK","1951","2009","59","1"
"station_info","italia","lugano","OK","1949","2007","59","1"
"station_info","italia","marina_di_ginosa","OK","1967","2009","43","2"
"station_info","italia","messina","OK","1951","2009","59","6"
"station_info","italia","milano_gml","OK","1763","1990","228","17"
"station_info","italia","milano","OK","1763","2009","246","1"
"station_info","italia","napoli","OK","1866","1990","125","36"
"station_info","italia","pisa","OK","1949","2009","61","3"
"station_info","italia","roma_ciampino","OK","1951","2009","59","1"
"station_info","italia","roma_fiumicino","OK","1811","1993","183","15"
"station_info","italia","torino","OK","1753","1990","238","82"
"station_info","italia","trapani","OK","1961","2009","49","2"
"station_info","italia","trieste","OK","1951","2009","59","1"
"station_info","italia","venezia","OK","1951","1990","40","1"
"station_info","italia","verona_villafranca","OK","1951","2009","59","1"
"station_info","japan","abashiri","OK","1925","2012","88","1"
"station_info","japan","akita","OK","1919","2012","94","2"
"station_info","japan","aomori","OK","1922","2012","91","2"
"station_info","japan","asahigawa","OK","1914","2012","99","2"
"station_info","japan","choshi","OK","1902","2012","111","2"
"station_info","japan","fukuoka","OK","1890","2012","123","1"
"station_info","japan","hakodate","OK","1929","2012","84","2"
"station_info","japan","hiroshima_gml","OK","1881","2005","125","0"
"station_info","japan","hiroshima","ERROR","NA","NA","NA","NA"
"station_info","japan","isuhara","OK","1886","2012","127","2"
"station_info","japan","kanazawa","OK","1886","2012","127","1"
"station_info","japan","kyoto","OK","1881","2005","125","24"
"station_info","japan","maebashi","OK","1897","2012","116","3"
"station_info","japan","matsumoto","OK","1898","2007","110","0"
"station_info","japan","matsuyama","OK","1890","2012","123","5"
"station_info","japan","miyako","OK","1922","2007","86","1"
"station_info","japan","nagasaki","OK","1881","2012","132","1"
"station_info","japan","nagoya","OK","1891","2012","122","1"
"station_info","japan","nemuro","OK","1923","2012","90","2"
"station_info","japan","niigata","ERROR","NA","NA","NA","NA"
"station_info","japan","obihiro","OK","1907","1990","84","1"
"station_info","japan","oita","OK","1887","2012","126","1"
"station_info","japan","onahama","OK","1910","2008","99","1"
"station_info","japan","osaka","OK","1883","2012","130","1"
"station_info","japan","sapporo","ERROR","NA","NA","NA","NA"
"station_info","japan","sendai","OK","1927","2012","86","1"
"station_info","japan","shionomisaki","OK","1913","2012","100","1"
"station_info","japan","takamatsu","OK","1941","2012","72","2"
"station_info","japan","tokyo","ERROR","NA","NA","NA","NA"
"station_info","japan","wakkanai","OK","1938","2012","75","1"
"station_info","jordan","h-4irwaishe","ERROR","NA","NA","NA","NA"
"station_info","jordan","maan","OK","1961","2009","49","1"
"station_info","kasakstan","almaty","OK","1956","2009","54","2"
"station_info","kasakstan","balhash","OK","1932","2009","78","3"
"station_info","kasakstan","fort_cevcenko","OK","1908","2009","102","11"
"station_info","kasakstan","gurjev","OK","1926","2009","84","11"
"station_info","kasakstan","karaganda","OK","1936","2009","74","1"
"station_info","kasakstan","kazalinsk","OK","1881","1990","110","1"
"station_info","kasakstan","kustanai","OK","1902","2009","108","4"
"station_info","kasakstan","sam","OK","1946","2009","64","4"
"station_info","kasakstan","semipalatinsk","OK","1891","2009","119","12"
"station_info","kenya","nairobi","ERROR","NA","NA","NA","NA"
"station_info","korea_n","haeju","OK","1961","2012","52","12"
"station_info","korea_n","hyesan","OK","1961","2012","52","12"
"station_info","korea_n","kimchaek","OK","1961","2012","52","12"
"station_info","korea_n","pyong2","OK","1907","1993","87","40"
"station_info","korea_n","pyongyang","OK","1935","2011","77","28"
"station_info","korea_n","sinuiju","OK","1961","2012","52","12"
"station_info","korea_n","wonsan","OK","1961","2012","52","12"
"station_info","korea_s","kangnung","OK","1920","2012","93","2"
"station_info","korea_s","mokbo","OK","1915","2012","98","2"
"station_info","korea_s","pohang","OK","1949","2012","64","2"
"station_info","korea_s","pusan2","ERROR","NA","NA","NA","NA"
"station_info","korea_s","pusan","OK","1904","2012","109","1"
"station_info","korea_s","soul","OK","1907","2012","106","3"
"station_info","korea_s","taejon","OK","1969","2012","44","1"
"station_info","korea_s","yosu","OK","1942","2011","70","2"
"station_info","kroatia","gospic","OK","1872","2008","137","15"
"station_info","kroatia","hvar","OK","1858","2008","151","22"
"station_info","kroatia","osijek","OK","1899","2008","110","5"
"station_info","kroatia","split","OK","1948","2008","61","1"
"station_info","kroatia","zagreb","OK","1861","2008","148","1"
"station_info","kroatia","zavizan","OK","1953","2008","56","2"
"station_info","laos","vientiane","ERROR","NA","NA","NA","NA"
"station_info","latvia","liepaja","ERROR","NA","NA","NA","NA"
"station_info","libanon","beirut","OK","1875","1985","111","23"
"station_info","libya","azizia","OK","1913","1951","39","11"
"station_info","libya","tripoli","ERROR","NA","NA","NA","NA"
"station_info","litauen","kaunas","OK","1901","2010","110","20"
"station_info","litauen","klaipeda","OK","1929","2010","82","1"
"station_info","litauen","villnius","OK","1881","2010","130","1"
"station_info","luxemburg","luxemburg_old","OK","1838","1988","151","2"
"station_info","luxemburg","luxemburg","OK","1947","2009","63","1"
"station_info","madagaskar","tannan2","OK","1952","2005","54","5"
"station_info","madagaskar","tannanarive","ERROR","NA","NA","NA","NA"
"station_info","malaysia","bintulu","OK","1940","2009","70","14"
"station_info","malaysia","kota_kinabalu","OK","1950","2009","60","1"
"station_info","malaysia","kuala_lumpur","OK","1930","2009","80","6"
"station_info","malaysia","kuantan","OK","1948","2009","62","0"
"station_info","malaysia","malacca","OK","1951","2009","59","0"
"station_info","malaysia","singapore","OK","1881","2009","129","30"
"station_info","mali","timbuktu","OK","1950","2010","61","10"
"station_info","malta","luqa","OK","1853","2009","157","10"
"station_info","marokko","casablanca","OK","1925","2010","86","3"
"station_info","marokko","marrakesh","OK","1924","2010","87","2"
"station_info","mauritania","nouakchott","OK","1950","2010","61","7"
"station_info","mexico","acapulco","OK","1949","2011","63","6"
"station_info","mexico","chetumal","OK","1949","2011","63","16"
"station_info","mexico","guanajuato","OK","1949","2011","63","8"
"station_info","mexico","mazanillo","OK","1934","2011","78","7"
"station_info","mexico","mazatlan","OK","1937","2011","75","9"
"station_info","mexico","mexico_city_1988","ERROR","NA","NA","NA","NA"
"station_info","mexico","mexico_city_2","OK","1916","2009","94","17"
"station_info","mexico","mexico_city_homogen","ERROR","NA","NA","NA","NA"
"station_info","mexico","mexico_city","OK","1916","2011","96","18"
"station_info","mexico","monterrey","OK","1919","2011","93","11"
"station_info","mexico","pueblo","OK","1878","1990","113","30"
"station_info","mexico","torreon","OK","1949","2011","63","12"
"station_info","mongolia","altai","OK","1957","2012","56","6"
"station_info","mongolia","arvaiheer","OK","1955","2012","58","5"
"station_info","mongolia","bulgan","OK","1955","2012","58","6"
"station_info","mongolia","choibalsan","OK","1936","2012","77","4"
"station_info","mongolia","dalanzagad","OK","1954","2012","59","6"
"station_info","mongolia","dauunmod","OK","1938","2012","75","2"
"station_info","mongolia","erenhot","OK","1938","2012","75","21"
"station_info","mongolia","mandalgovi","OK","1947","2012","66","6"
"station_info","mongolia","muren","OK","1960","2012","53","6"
"station_info","mongolia","sainshand","OK","1940","2012","73","7"
"station_info","mongolia","uliastai","OK","1960","2012","53","6"
"station_info","mosambik","maputo","OK","1892","1993","102","15"
"station_info","nederland","amsterdam_schipol","OK","1951","2011","61","1"
"station_info","nederland","de_bilt","OK","1901","2011","111","1"
"station_info","nederland","de_kooy","OK","1906","2011","106","1"
"station_info","nederland","eelde","OK","1906","2011","106","1"
"station_info","nederland","leeuwarden","OK","1951","2011","61","1"
"station_info","nederland","leeuw","ERROR","NA","NA","NA","NA"
"station_info","nederland","maastericht","OK","1906","2011","106","1"
"station_info","nederland","rotterdam","OK","1951","2011","61","1"
"station_info","nepal","darjeling","OK","1882","1999","118","19"
"station_info","newzealand","auckland_NASA_gml","OK","1864","1993","130","2"
"station_info","newzealand","auckland","OK","1962","2012","51","4"
"station_info","newzealand","christchurch","OK","1950","2012","63","2"
"station_info","newzealand","dunedin","ERROR","NA","NA","NA","NA"
"station_info","newzealand","gisborne","OK","1937","2012","76","5"
"station_info","newzealand","hokitika","OK","1866","2012","147","16"
"station_info","newzealand","invercargil","OK","1960","2012","53","2"
"station_info","newzealand","nelson","OK","1943","2012","68","6"
"station_info","newzealand","wellington_NASA_gml","OK","1864","1989","126","1"
"station_info","newzealand","wellington","OK","1962","2012","51","6"
"station_info","nigeria","lagos","OK","1892","1980","89","10"
"station_info","nordsjoen","draugen","ERROR","NA","NA","NA","NA"
"station_info","nordsjoen","ekkofisk","ERROR","NA","NA","NA","NA"
"station_info","nordsjoen","gullfaks_c","ERROR","NA","NA","NA","NA"
"station_info","nordsjoen","gullfaks","ERROR","NA","NA","NA","NA"
"station_info","nordsjoen","heidrun","ERROR","NA","NA","NA","NA"
"station_info","nordsjoen","mike","ERROR","NA","NA","NA","NA"
"station_info","nordsjoen","norne","ERROR","NA","NA","NA","NA"
"station_info","nordsjoen","sleipner_a","ERROR","NA","NA","NA","NA"
"station_info","nordsjoen","sleipner","ERROR","NA","NA","NA","NA"
"station_info","nordsjoen","slettnes_fyr","OK","1927","2012","86","15"
"station_info","nordsjoen","slettnes","OK","1927","2008","82","15"
"station_info","nordsjoen","sola","OK","1936","2012","77","1"
"station_info","nordsjoen","takle","OK","1950","2012","63","2"
"station_info","nordsjoen","troll_a","ERROR","NA","NA","NA","NA"
"station_info","nordsjoen","utsira_fyr","OK","1868","2012","145","1"
"station_info","nordsjoen","vigra","OK","1958","2012","55","2"
"station_info","norge","aabjorsbraaten","OK","1923","2012","90","1"
"station_info","norge","alta_lufthavn","ERROR","NA","NA","NA","NA"
"station_info","norge","andoya","OK","1868","2012","145","1"
"station_info","norge","asker","OK","1913","2012","100","3"
"station_info","norge","bardufoss","OK","1941","2012","72","0"
"station_info","norge","bergen_florida","OK","1858","2012","155","0"
"station_info","norge","bergen_fredriksberg","OK","1881","2012","132","4"
"station_info","norge","berkaak","OK","1930","2006","77","4"
"station_info","norge","biri","OK","1876","1882","7","1"
"station_info","norge","bjornoya_nasa","OK","1949","2012","64","3"
"station_info","norge","bjornoya","OK","1920","2012","109","16"
"station_info","norge","bodo6","OK","1868","2012","145","0"
"station_info","norge","dombaas2","OK","1865","1972","108","1"
"station_info","norge","dombaas_dombaas2","OK","1864","2006","143","2"
"station_info","norge","dombaas_kirkenaer","ERROR","NA","NA","NA","NA"
"station_info","norge","dombaas_krististugu","ERROR","NA","NA","NA","NA"
"station_info","norge","dombaas_nordigard","OK","1865","2012","148","1"
"station_info","norge","draugen","ERROR","NA","NA","NA","NA"
"station_info","norge","drevsjo","OK","1947","2012","66","4"
"station_info","norge","ekkofisk","ERROR","NA","NA","NA","NA"
"station_info","norge","faerder","OK","1886","2012","127","0"
"station_info","norge","fagernes","OK","1982","2012","31","1"
"station_info","norge","flisa_2000","ERROR","NA","NA","NA","NA"
"station_info","norge","flisa2","OK","1919","2012","98","14"
"station_info","norge","fokstugu","OK","1923","2012","90","1"
"station_info","norge","fruholmen_fyr","OK","1954","2012","59","1"
"station_info","norge","gardermoen","OK","1941","2012","72","0"
"station_info","norge","GEILO_GML","OK","1942","1951","10","1"
"station_info","norge","geilo_oldebraaten","ERROR","NA","NA","NA","NA"
"station_info","norge","GEILO_STOLEN","OK","1966","2005","40","2"
"station_info","norge","GEILO_STRAND","OK","1951","1966","16","2"
"station_info","norge","glomfjord","OK","1916","2010","94","1"
"station_info","norge","gullfaks_c","ERROR","NA","NA","NA","NA"
"station_info","norge","halden_kt","ERROR","NA","NA","NA","NA"
"station_info","norge","hamar","OK","1883","1934","52","1"
"station_info","norge","havniva_global","OK","1992","2010","19","0"
"station_info","norge","heidrun","ERROR","NA","NA","NA","NA"
"station_info","norge","hopen","OK","1945","2012","68","0"
"station_info","norge","jan2","OK","1921","2007","87","1"
"station_info","norge","janmayen","OK","1921","2012","92","0"
"station_info","norge","Karasjok","OK","1876","2012","137","0"
"station_info","norge","kautokeino","OK","1889","2012","124","24"
"station_info","norge","kirkenes_lufthavn","OK","1965","2012","48","0"
"station_info","norge","kise_paa_hedmark","OK","1951","2012","62","16"
"station_info","norge","kjoremsgrende","ERROR","NA","NA","NA","NA"
"station_info","norge","kongsvinger","ERROR","NA","NA","NA","NA"
"station_info","norge","kraakenes","OK","1924","2012","89","33"
"station_info","norge","krakenes","ERROR","NA","NA","NA","NA"
"station_info","norge","kvitfjell","ERROR","NA","NA","NA","NA"
"station_info","norge","lillehammer1_12650","OK","1891","1932","42","1"
"station_info","norge","lillehammer2_12660","OK","1926","1969","44","2"
"station_info","norge","lillehammer3_12640","OK","1969","1981","13","2"
"station_info","norge","lillehammer_homogen","ERROR","NA","NA","NA","NA"
"station_info","norge","lillehammer_mesnali","OK","1902","1926","25","2"
"station_info","norge","lillehammer_saeterengen","ERROR","NA","NA","NA","NA"
"station_info","norge","lillehammer_setere_12680","OK","1982","2007","26","9"
"station_info","norge","lista_fyr","OK","1867","2012","146","44"
"station_info","norge","mandal","OK","1861","2008","148","2"
"station_info","norge","mike","ERROR","NA","NA","NA","NA"
"station_info","norge","mjosisen","ERROR","NA","NA","NA","NA"
"station_info","norge","mosstrand2","OK","1964","2012","49","6"
"station_info","norge","mosstrand","OK","1964","2008","45","7"
"station_info","norge","nesbyen_todokk","OK","1898","2012","115","0"
"station_info","norge","nesbyen","OK","1898","2008","111","1"
"station_info","norge","nordoyan_fyr","OK","1891","2012","122","31"
"station_info","norge","norne","ERROR","NA","NA","NA","NA"
"station_info","norge","oksoy_fyr_old","OK","1870","2008","139","1"
"station_info","norge","oksoy_fyr","OK","1870","2012","143","0"
"station_info","norge","oksoy","ERROR","NA","NA","NA","NA"
"station_info","norge","ona2","OK","1868","2012","145","6"
"station_info","norge","orland3","OK","1936","2012","77","0"
"station_info","norge","osloaug","ERROR","NA","NA","NA","NA"
"station_info","norge","oslo_blindern_nasa","ERROR","NA","NA","NA","NA"
"station_info","norge","Oslo_blindern","ERROR","NA","NA","NA","NA"
"station_info","norge","ostre_toten_apelsvoll","OK","1930","2012","84","16"
"station_info","norge","plassen","ERROR","NA","NA","NA","NA"
"station_info","norge","prestebakke","OK","1961","2010","50","1"
"station_info","norge","rena_haugedalen","OK","1958","2012","55","2"
"station_info","norge","Roros_lufthavn","OK","1871","2012","142","0"
"station_info","norge","rygge","OK","1956","2012","57","0"
"station_info","norge","sauda","OK","1928","2012","85","1"
"station_info","norge","selbu","OK","1920","2006","87","4"
"station_info","norge","skaabu_storslaaen","ERROR","NA","NA","NA","NA"
"station_info","norge","skaabu","ERROR","NA","NA","NA","NA"
"station_info","norge","skidogn","OK","1900","2007","108","0"
"station_info","norge","skrova_fyr","OK","1934","2012","79","0"
"station_info","norge","sleipner_a","ERROR","NA","NA","NA","NA"
"station_info","norge","sleipner","ERROR","NA","NA","NA","NA"
"station_info","norge","slettnes_fyr","OK","1927","2012","86","14"
"station_info","norge","slettnes","OK","1927","2008","82","15"
"station_info","norge","sognefjellhytta","OK","1961","2012","52","0"
"station_info","norge","sola","OK","1936","2012","77","0"
"station_info","norge","stavanger","OK","1936","2008","73","1"
"station_info","norge","svalbard_lufthavn","ERROR","NA","NA","NA","NA"
"station_info","norge","svinoy_fyr","OK","1956","2012","57","0"
"station_info","norge","tafjord","OK","1931","2012","82","0"
"station_info","norge","takle","OK","1950","2012","63","1"
"station_info","norge","temp_okt_2012","ERROR","NA","NA","NA","NA"
"station_info","norge","torungen_fyr","OK","1868","2012","145","1"
"station_info","norge","torungen","OK","1868","2008","141","2"
"station_info","norge","troll_a","ERROR","NA","NA","NA","NA"
"station_info","norge","tromso_langnes","OK","1868","2012","145","0"
"station_info","norge","trondheim_1800","OK","1818","1869","52","0"
"station_info","norge","trondheim_voll","OK","1923","2012","90","16"
"station_info","norge","trysil","OK","1944","1973","30","3"
"station_info","norge","tryvasshogda1","OK","1927","2012","86","2"
"station_info","norge","tynset_10000","OK","1921","1925","5","0"
"station_info","norge","tynset_10010","OK","1878","1926","49","0"
"station_info","norge","tynset_9580","OK","2002","2007","6","2"
"station_info","norge","tynset_9600","OK","1949","1977","29","1"
"station_info","norge","tynset_hansmoen","OK","2000","2012","13","1"
"station_info","norge","utsira_fyr","OK","1868","2012","145","0"
"station_info","norge","Vaernes","OK","1941","2012","73","1"
"station_info","norge","vardo_radio","OK","1858","2012","155","0"
"station_info","norge","vardo","OK","1858","2008","151","1"
"station_info","norge","venabu","ERROR","NA","NA","NA","NA"
"station_info","norge","vest_torpa","ERROR","NA","NA","NA","NA"
"station_info","norge","vigra","OK","1958","2012","55","1"
"station_info","norge","vinjeora","OK","1921","2005","85","36"
"station_info","osterrike","graz","OK","1894","2009","116","1"
"station_info","osterrike","innsbruck","OK","1877","2009","133","9"
"station_info","osterrike","klagenfurt","OK","1881","2009","129","4"
"station_info","osterrike","kremsmunster","OK","1876","2009","134","1"
"station_info","osterrike","salzburg","ERROR","NA","NA","NA","NA"
"station_info","osterrike","sonnblick","OK","1887","2009","123","1"
"station_info","osterrike","wien","OK","1855","2009","155","10"
"station_info","pakistan","dalbandin","OK","1931","2012","82","7"
"station_info","pakistan","dera_ismali_kahn","OK","1931","2012","82","2"
"station_info","pakistan","fort_sandeman","OK","1931","2012","82","8"
"station_info","pakistan","hydrabad","OK","1878","1989","112","33"
"station_info","pakistan","jacobabad","OK","1931","2012","82","1"
"station_info","pakistan","jhelum","OK","1947","2012","66","1"
"station_info","pakistan","karachi","ERROR","NA","NA","NA","NA"
"station_info","pakistan","lahore","OK","1876","2012","137","1"
"station_info","pakistan","multan","OK","1931","2012","82","2"
"station_info","pakistan","peshawar","OK","1931","2012","82","2"
"station_info","pakistan","quetta","OK","1878","2012","135","5"
"station_info","pakistan","zhob","OK","1947","1993","47","22"
"station_info","paraguay","asuncion","OK","1936","2009","74","8"
"station_info","peru","cusco","OK","1953","2007","55","10"
"station_info","peru","iquitos","OK","1949","2009","61","12"
"station_info","peru","lima","OK","1960","2009","50","11"
"station_info","peru","pucallpa","OK","1949","2009","61","10"
"station_info","peru","trujillo","OK","1950","2009","60","14"
"station_info","polen","bialystok","OK","1951","2009","59","1"
"station_info","polen","elblag","OK","1951","2009","59","1"
"station_info","polen","gdansk","OK","1807","1987","181","104"
"station_info","polen","krakow","OK","1825","1988","164","54"
"station_info","polen","poprad","OK","1951","2009","59","1"
"station_info","polen","poznan","OK","1951","2009","59","1"
"station_info","polen","szczecin","OK","1951","2009","59","1"
"station_info","polen","warszawa","ERROR","NA","NA","NA","NA"
"station_info","polen","wroclaw","ERROR","NA","NA","NA","NA"
"station_info","polen","zakopane","OK","1951","1990","40","20"
"station_info","portugal","lisboa_ecad","OK","1901","2011","111","1"
"station_info","portugal","lisboa_geofysica_ut","OK","1901","2006","106","5"
"station_info","portugal","lisboa_nasa","OK","1881","2011","131","1"
"station_info","portugal","lisboa","OK","1881","2009","129","0"
"station_info","portugal","porto","OK","1941","2011","71","1"
"station_info","portugal","porto_ut","OK","1941","2006","66","8"
"station_info","romania","baia_mare","OK","1921","2006","86","29"
"station_info","romania","bisitra","OK","1951","2009","59","1"
"station_info","romania","bucuresti","ERROR","NA","NA","NA","NA"
"station_info","romania","buzau","OK","1896","2009","114","23"
"station_info","romania","calarasi","OK","1898","2009","112","6"
"station_info","romania","cluj_napoca","OK","1921","2009","89","1"
"station_info","romania","drobeta_turnu_severin","OK","1896","2006","111","18"
"station_info","romania","iasi","OK","1951","2009","59","1"
"station_info","romania","sibiu","ERROR","NA","NA","NA","NA"
"station_info","romania","sulina","OK","1881","2009","129","1"
"station_info","romania","targu_jiu","OK","1899","2006","108","24"
"station_info","romania","timisoara","OK","1951","2009","59","1"
"station_info","romania","turnu_magurele","OK","1896","2006","111","33"
"station_info","romania","varfu_omul","OK","1928","2009","82","13"
"station_info","russland","ajan","OK","1891","2012","122","36"
"station_info","russland","aleksandrov","OK","1936","2012","77","1"
"station_info","russland","anadyr","OK","1899","2012","114","7"
"station_info","russland","archangelsk","OK","1881","2012","132","1"
"station_info","russland","armavir","OK","1936","2012","77","1"
"station_info","russland","astrakan","OK","1927","2012","86","2"
"station_info","russland","bomnak","OK","1909","2012","104","5"
"station_info","russland","cita","OK","1890","2012","123","6"
"station_info","russland","cokurda","OK","1939","2012","74","8"
"station_info","russland","dudinka","OK","1916","2012","97","24"
"station_info","russland","elatma","OK","1885","2012","128","20"
"station_info","russland","gmo","OK","1932","2012","81","3"
"station_info","russland","hoseda_hard","OK","1936","2012","77","1"
"station_info","russland","im_poliny","OK","1911","2012","102","12"
"station_info","russland","irkutsk","OK","1882","2012","131","1"
"station_info","russland","izevsk","OK","1958","2012","55","1"
"station_info","russland","jakutsk","OK","1882","2012","131","4"
"station_info","russland","kalakan","OK","1935","2004","70","4"
"station_info","russland","kaliningrad","OK","1947","2012","66","1"
"station_info","russland","kandalaksa","OK","1912","2012","101","1"
"station_info","russland","kazan","ERROR","NA","NA","NA","NA"
"station_info","russland","kem","OK","1916","2012","97","1"
"station_info","russland","khatanga","OK","1929","2012","84","6"
"station_info","russland","kirensk","OK","1892","2012","121","4"
"station_info","russland","kljuci","ERROR","NA","NA","NA","NA"
"station_info","russland","kojnas","OK","1912","2012","101","1"
"station_info","russland","kostroma","OK","1925","2012","88","1"
"station_info","russland","kotlas","OK","1936","2012","77","1"
"station_info","russland","kotzebue","OK","1897","2007","111","31"
"station_info","russland","krasnasa","ERROR","NA","NA","NA","NA"
"station_info","russland","krasnojarsk","OK","1902","2012","111","3"
"station_info","russland","krasnoufimsk","OK","1926","2012","87","16"
"station_info","russland","krasnovodsk","OK","1883","2012","130","4"
"station_info","russland","kursk","OK","1891","2012","122","1"
"station_info","russland","moskva2","OK","1932","2006","75","1"
"station_info","russland","moskva","OK","1779","2012","234","61"
"station_info","russland","murmansk","OK","1918","2012","95","2"
"station_info","russland","mys_smidta","ERROR","NA","NA","NA","NA"
"station_info","russland","mys_ulen","OK","1918","2012","95","15"
"station_info","russland","narjan_mar","OK","1926","2012","87","2"
"station_info","russland","nercinski_za","OK","1881","2012","132","19"
"station_info","russland","nikolaevsk","OK","1881","2012","132","3"
"station_info","russland","nikolskoie","OK","1899","2012","114","9"
"station_info","russland","ohotsk","OK","1890","2012","123","16"
"station_info","russland","ohrenburg","OK","1886","2012","127","1"
"station_info","russland","omsk","OK","1890","2012","123","2"
"station_info","russland","ostrov_dikson","OK","1916","2012","97","3"
"station_info","russland","ostrov_kotel","OK","1933","2012","80","5"
"station_info","russland","ostrov_vize","OK","1951","2012","62","1"
"station_info","russland","poronajsk","OK","1908","2012","105","1"
"station_info","russland","salekhard","OK","1947","2012","66","2"
"station_info","russland","semipalatinsk","OK","1891","2012","122","12"
"station_info","russland","simferopol","OK","1960","2012","53","2"
"station_info","russland","sort","OK","1881","1990","110","1"
"station_info","russland","sotsji","OK","1881","2012","132","1"
"station_info","russland","st_petersburg2","OK","1881","2009","129","1"
"station_info","russland","st_petersburg_gml","OK","1910","2009","100","1"
"station_info","russland","st_petersburg","ERROR","NA","NA","NA","NA"
"station_info","russland","tarko_sale","OK","1937","2012","76","1"
"station_info","russland","tobolsk","OK","1884","2012","129","2"
"station_info","russland","toko","OK","1951","2012","81","61"
"station_info","russland","tura","OK","1928","2012","85","2"
"station_info","russland","turuhansk","OK","1881","2012","132","5"
"station_info","russland","uralsk","OK","1900","2012","113","1"
"station_info","russland","verkhojansk","OK","1885","2012","128","4"
"station_info","russland","viljujsk","OK","1898","2012","115","3"
"station_info","russland","vladivostok","OK","1913","2012","100","1"
"station_info","russland","voronez","OK","1918","2012","95","1"
"station_info","russland","vrangelja","OK","1926","2012","91","7"
"station_info","russland","vytegra","OK","1881","2012","132","11"
"station_info","saudi_arabia","riyadh","ERROR","NA","NA","NA","NA"
"station_info","saudi_arabia","tabuk","OK","1964","2010","47","5"
"station_info","senegal","dakar","ERROR","NA","NA","NA","NA"
"station_info","senegal","kaolack","OK","1951","2010","60","3"
"station_info","senegal","linguere","OK","1951","2010","60","1"
"station_info","senegal","tambacounda","OK","1941","2010","70","3"
"station_info","serbia","beograd","OK","1888","2008","121","13"
"station_info","serbia","beo_nasa","OK","1941","2009","69","1"
"station_info","slovakia","poprad","ERROR","NA","NA","NA","NA"
"station_info","slovakia","sliac","ERROR","NA","NA","NA","NA"
"station_info","slovenia","kredarica","OK","1955","2009","55","1"
"station_info","slovenia","ljubljana","OK","1900","2009","110","3"
"station_info","spania","alicante","ERROR","NA","NA","NA","NA"
"station_info","spania","barcelona","OK","1927","1999","73","26"
"station_info","spania","gibraltar","OK","1852","2010","159","13"
"station_info","spania","la_coruna","OK","1960","2011","52","2"
"station_info","spania","madrid","OK","1920","2011","92","1"
"station_info","spania","malaga_aeroport","OK","1942","2011","70","1"
"station_info","spania","navaracerrada","ERROR","NA","NA","NA","NA"
"station_info","spania","palma_malorca","OK","1881","2011","131","5"
"station_info","spania","salmanca_aeroport","OK","1945","2011","67","1"
"station_info","spania","san_sebastian","OK","1929","2011","83","1"
"station_info","spania","tenerife","OK","1947","2011","65","8"
"station_info","spania","torrevieja","OK","1927","2011","85","1"
"station_info","spania","tortosa","OK","1939","2011","73","1"
"station_info","spania","valencia","OK","1931","2010","80","4"
"station_info","spania","valladolid","OK","1960","2011","52","2"
"station_info","spania","zaragoza","OK","1951","2011","61","1"
"station_info","sri_lanka","colombo","ERROR","NA","NA","NA","NA"
"station_info","stillehavet","atuona","OK","1959","2011","53","2"
"station_info","stillehavet","chatham_islands","OK","1881","2011","131","28"
"station_info","stillehavet","funafuti_tuvalu","OK","1932","2010","79","13"
"station_info","stillehavet","honolulu","OK","1898","2011","114","2"
"station_info","stillehavet","isle_de_juan_fernandez","OK","1901","2011","111","5"
"station_info","stillehavet","isle_de_pascua","OK","1942","2011","70","1"
"station_info","stillehavet","lihue_kauai","OK","1905","2011","107","2"
"station_info","stillehavet","lord_howe_island","ERROR","NA","NA","NA","NA"
"station_info","stillehavet","macquarie_island","ERROR","NA","NA","NA","NA"
"station_info","stillehavet","minamidaitoji","OK","1943","2011","69","4"
"station_info","stillehavet","minamitorishi","OK","1937","2011","75","8"
"station_info","stillehavet","nandi","OK","1942","2011","70","3"
"station_info","stillehavet","norfolk_island","OK","1915","2011","97","6"
"station_info","stillehavet","ponape","OK","1941","2011","71","8"
"station_info","stillehavet","rapa","OK","1951","2011","61","1"
"station_info","stillehavet","st_paul","OK","1881","2011","131","36"
"station_info","stillehavet","thaiti_faaa","OK","1935","2011","77","1"
"station_info","stillehavet","titizima","OK","1907","2011","105","11"
"station_info","stillehavet","totegegie","OK","1959","2011","53","2"
"station_info","stillehavet","truk","OK","1949","2011","63","2"
"station_info","stillehavet","wake_island","OK","1946","2009","64","3"
"station_info","stillehavet","willis_island","OK","1939","2011","73","2"
"station_info","stillehavet","yap_caroline","OK","1921","2011","91","8"
"station_info","storbritannia","aberdeen","OK","1881","2012","132","1"
"station_info","storbritannia","aberporth","ERROR","NA","NA","NA","NA"
"station_info","storbritannia","armagh","ERROR","NA","NA","NA","NA"
"station_info","storbritannia","ballypatric_forest","ERROR","NA","NA","NA","NA"
"station_info","storbritannia","belfast","OK","1881","2012","132","1"
"station_info","storbritannia","bournemouth","OK","1961","2012","52","1"
"station_info","storbritannia","bradford","ERROR","NA","NA","NA","NA"
"station_info","storbritannia","braemar","ERROR","NA","NA","NA","NA"
"station_info","storbritannia","camborne","ERROR","NA","NA","NA","NA"
"station_info","storbritannia","cambridge","OK","1871","NA","143","2"
"station_info","storbritannia","cardiff_bute_park","ERROR","NA","NA","NA","NA"
"station_info","storbritannia","chivenor","ERROR","NA","NA","NA","NA"
"station_info","storbritannia","cwmystwyth","ERROR","NA","NA","NA","NA"
"station_info","storbritannia","dunstaffnage","ERROR","NA","NA","NA","NA"
"station_info","storbritannia","durham","OK","1847","2012","166","2"
"station_info","storbritannia","eastbourne","ERROR","NA","NA","NA","NA"
"station_info","storbritannia","edinbourg","OK","1785","1993","209","1"
"station_info","storbritannia","eskdalmuir","ERROR","NA","NA","NA","NA"
"station_info","storbritannia","greenwich","ERROR","NA","NA","NA","NA"
"station_info","storbritannia","grytviken","OK","1905","1982","78","1"
"station_info","storbritannia","heathrow","ERROR","NA","NA","NA","NA"
"station_info","storbritannia","hurn","ERROR","NA","NA","NA","NA"
"station_info","storbritannia","leeming","OK","1971","2012","42","1"
"station_info","storbritannia","lerwick","ERROR","NA","NA","NA","NA"
"station_info","storbritannia","leuchars","ERROR","NA","NA","NA","NA"
"station_info","storbritannia","london","OK","1841","2004","164","6"
"station_info","storbritannia","lovesoft","ERROR","NA","NA","NA","NA"
"station_info","storbritannia","manston","ERROR","NA","NA","NA","NA"
"station_info","storbritannia","nairn","ERROR","NA","NA","NA","NA"
"station_info","storbritannia","newton_rigg","ERROR","NA","NA","NA","NA"
"station_info","storbritannia","oxford_old","ERROR","NA","NA","NA","NA"
"station_info","storbritannia","oxford","ERROR","NA","NA","NA","NA"
"station_info","storbritannia","paisley","ERROR","NA","NA","NA","NA"
"station_info","storbritannia","plymouth","OK","1865","1993","129","1"
"station_info","storbritannia","ringway","ERROR","NA","NA","NA","NA"
"station_info","storbritannia","ross_on_wye","ERROR","NA","NA","NA","NA"
"station_info","storbritannia","shawbury","ERROR","NA","NA","NA","NA"
"station_info","storbritannia","sheffield","ERROR","NA","NA","NA","NA"
"station_info","storbritannia","southhampton","ERROR","NA","NA","NA","NA"
"station_info","storbritannia","st_helena","OK","1892","1993","102","13"
"station_info","storbritannia","st_mawgan","ERROR","NA","NA","NA","NA"
"station_info","storbritannia","stornoway","ERROR","NA","NA","NA","NA"
"station_info","storbritannia","sutton_bonnington","ERROR","NA","NA","NA","NA"
"station_info","storbritannia","tiree","ERROR","NA","NA","NA","NA"
"station_info","storbritannia","valley","ERROR","NA","NA","NA","NA"
"station_info","storbritannia","waddington","ERROR","NA","NA","NA","NA"
"station_info","storbritannia","whitby","ERROR","NA","NA","NA","NA"
"station_info","storbritannia","wick_airport","ERROR","NA","NA","NA","NA"
"station_info","storbritannia","yeovilton","ERROR","NA","NA","NA","NA"
"station_info","sudan","el_obeid","OK","1905","2011","107","7"
"station_info","sudan","khartum","ERROR","NA","NA","NA","NA"
"station_info","sudan","kosti","OK","1943","2011","69","12"
"station_info","sudan","port_sudan","OK","1906","NA","107","9"
"station_info","sveits","andermatt","OK","1966","2006","41","2"
"station_info","sveits","basel","ERROR","NA","NA","NA","NA"
"station_info","sveits","davos","OK","1901","2006","106","2"
"station_info","sveits","engelberg","OK","1931","2006","76","2"
"station_info","sveits","geneve_ecad","OK","1901","2009","109","1"
"station_info","sveits","geneve","ERROR","NA","NA","NA","NA"
"station_info","sveits","la_chaux_de_fond","OK","1901","2006","106","1"
"station_info","sveits","lachauxdefond","OK","1901","2006","106","1"
"station_info","sveits","lugano_ecad","OK","1901","2009","109","1"
"station_info","sveits","lugano","OK","1949","2009","61","1"
"station_info","sveits","luzern","OK","1931","2006","76","2"
"station_info","sveits","neuchatel","OK","1901","2006","106","1"
"station_info","sveits","saentis_ecad","OK","1901","2009","109","2"
"station_info","sveits","saentis","OK","1883","2009","127","1"
"station_info","sveits","samedan","OK","1901","2006","106","1"
"station_info","sveits","san_bernadino","OK","1968","2006","39","1"
"station_info","sveits","sion_1","OK","1901","1977","77","0"
"station_info","sveits","sion_2","OK","1978","2009","32","1"
"station_info","sveits","sion_homogen","ERROR","NA","NA","NA","NA"
"station_info","sveits","st_bernhard","OK","1901","2006","106","11"
"station_info","sveits","st_gallen","OK","1931","2006","76","1"
"station_info","sveits","zuruck","ERROR","NA","NA","NA","NA"
"station_info","sverige","abisko","OK","1913","2001","89","0"
"station_info","sverige","boraas","OK","1890","2012","123","0"
"station_info","sverige","bromma","OK","1756","2011","256","1"
"station_info","sverige","falsterbo","OK","1890","2012","123","0"
"station_info","sverige","falun","OK","1890","2012","123","0"
"station_info","sverige","goteborg","OK","1890","2012","123","0"
"station_info","sverige","halmstad","OK","1890","2012","123","0"
"station_info","sverige","haparanda","OK","1890","2012","123","0"
"station_info","sverige","harnosand","OK","1890","2012","123","0"
"station_info","sverige","hoburg","OK","1890","2012","123","0"
"station_info","sverige","hogarna","OK","1890","2012","123","0"
"station_info","sverige","holmogadd","OK","1890","2012","123","3"
"station_info","sverige","jokkmokk","OK","1890","2012","123","1"
"station_info","sverige","kalmar","OK","1890","2012","123","0"
"station_info","sverige","karesuando","OK","1890","2012","123","0"
"station_info","sverige","karlstad","OK","1890","2012","123","0"
"station_info","sverige","kvikkjokk","OK","1890","2012","123","0"
"station_info","sverige","landsort","OK","1890","2012","122","0"
"station_info","sverige","linkoping","OK","1931","2012","82","0"
"station_info","sverige","malung","OK","1961","2012","52","0"
"station_info","sverige","norraudde","OK","1890","2012","123","0"
"station_info","sverige","ostersund","OK","1890","2012","123","0"
"station_info","sverige","piteaa","OK","1890","2012","123","2"
"station_info","sverige","sandoen","OK","1890","2012","123","0"
"station_info","sverige","stensele","OK","1890","2012","123","3"
"station_info","sverige","stockholm_nasa","ERROR","NA","NA","NA","NA"
"station_info","sverige","stockholm_stasmod","OK","1756","2005","250","0"
"station_info","sverige","stockholm_stasserie","OK","1756","2004","249","0"
"station_info","sverige","stockholm","OK","1890","2012","123","0"
"station_info","sverige","sveg","OK","1890","2012","123","0"
"station_info","sverige","ternaby","OK","1901","2012","112","0"
"station_info","sverige","Tullinge_A","OK","1756","2011","256","1"
"station_info","sverige","uppsala","ERROR","NA","NA","NA","NA"
"station_info","sverige","veksjo","OK","1890","2012","123","0"
"station_info","sverige","vinga","OK","1890","1997","108","0"
"station_info","sverige","visby","OK","1890","2012","123","0"
"station_info","sydafrika","bloemfontein","OK","1959","2010","52","2"
"station_info","sydafrika","calvinia","OK","1941","2010","70","15"
"station_info","sydafrika","cape_town","OK","1901","1993","93","1"
"station_info","sydafrika","durban","OK","1959","2010","52","2"
"station_info","sydafrika","east_london","OK","1959","2010","52","2"
"station_info","sydafrika","johannesburg_jan_smuts","ERROR","NA","NA","NA","NA"
"station_info","sydafrika","kimberley","OK","1959","2010","52","3"
"station_info","sydafrika","pietersburg","OK","1959","2010","52","2"
"station_info","sydafrika","port_elisabeth","OK","1959","2010","52","2"
"station_info","sydafrika","pretoria","OK","1949","2010","62","2"
"station_info","sydafrika","upington","OK","1940","2010","71","2"
"station_info","syria","aleppo","OK","1960","2009","50","2"
"station_info","syria","damascus","OK","1960","2009","50","5"
"station_info","syria","lattakia","OK","1960","2009","50","8"
"station_info","syria","palmyra","OK","1960","2009","50","2"
"station_info","tanzania","dar_es_salam","OK","1950","2010","61","7"
"station_info","tanzania","tabora","OK","1950","2010","61","15"
"station_info","thailand","aranyaprathet","OK","1951","2012","62","5"
"station_info","thailand","bangkok","OK","1917","2012","96","2"
"station_info","thailand","chanthaburi","OK","1949","2012","64","1"
"station_info","thailand","chiang_mai","OK","1949","2012","64","10"
"station_info","thailand","chumphon","OK","1949","2012","64","1"
"station_info","thailand","nakhon_ratscha","OK","1949","2012","64","2"
"station_info","thailand","nakhon_sawan","OK","1939","2012","74","6"
"station_info","thailand","phitsanulok","OK","1949","2012","64","2"
"station_info","thailand","prachuap_khir","OK","1949","2012","64","3"
"station_info","thailand","songkhla","OK","1951","2012","62","4"
"station_info","thailand","udon_thani","OK","1949","2012","64","3"
"station_info","tsjekkia","brno","OK","1951","2010","60","1"
"station_info","tsjekkia","ostrava","OK","1950","2010","61","2"
"station_info","tsjekkia","praha3","OK","1881","2006","126","9"
"station_info","tsjekkia","praha_klementine","OK","1775","2005","231","0"
"station_info","tsjekkia","praha_ruzyne","OK","1881","2010","130","10"
"station_info","tsjekkia","praha","OK","1775","2005","231","1"
"station_info","tunis","gabes","OK","1949","2010","62","4"
"station_info","tunis","tunis","OK","1887","2010","124","18"
"station_info","turkmenistan","bajram_ali","ERROR","NA","NA","NA","NA"
"station_info","tyrkia","ankara","ERROR","NA","NA","NA","NA"
"station_info","tyrkia","balekesir","OK","1961","2010","50","4"
"station_info","tyrkia","bursa","OK","1949","2010","62","1"
"station_info","tyrkia","corum","OK","1961","2010","50","1"
"station_info","tyrkia","diyarbakir","OK","1960","2010","51","2"
"station_info","tyrkia","edirne","OK","1929","2010","82","1"
"station_info","tyrkia","erzincam","OK","1960","2007","48","2"
"station_info","tyrkia","erzinkam","OK","1960","2010","51","2"
"station_info","tyrkia","giresund","OK","1961","2010","50","1"
"station_info","tyrkia","isparta","OK","1960","2010","51","2"
"station_info","tyrkia","istanbul","ERROR","NA","NA","NA","NA"
"station_info","tyrkia","kars","OK","1961","2010","50","1"
"station_info","tyrkia","konya","OK","1960","2010","51","5"
"station_info","tyrkia","muglo","OK","1949","2010","62","1"
"station_info","tyrkia","nigde","OK","1961","2010","50","1"
"station_info","tyrkia","samsun","OK","1960","2007","48","2"
"station_info","tyrkia","sivas","OK","1960","2010","51","2"
"station_info","tyrkia","sumsun","OK","1960","2010","51","2"
"station_info","tyrkia","usak","OK","1961","2010","50","3"
"station_info","tyrkia","van","OK","1960","2010","51","5"
"station_info","tyskland","aachen_orsbach","ERROR","NA","NA","NA","NA"
"station_info","tyskland","aachen","OK","1891","2012","122","16"
"station_info","tyskland","augsburg","OK","1947","2012","66","0"
"station_info","tyskland","bamberg","OK","1879","2012","134","0"
"station_info","tyskland","berlin","OK","1701","2012","312","29"
"station_info","tyskland","bocken","ERROR","NA","NA","NA","NA"
"station_info","tyskland","borcken","ERROR","NA","NA","NA","NA"
"station_info","tyskland","bremen","OK","1890","2012","123","2"
"station_info","tyskland","brocken","OK","1947","2012","66","0"
"station_info","tyskland","dresden_klotzsche","OK","1917","2012","96","0"
"station_info","tyskland","dusseldorf","OK","1970","2012","43","0"
"station_info","tyskland","emden","OK","1994","2012","19","4"
"station_info","tyskland","erfurt_bindersleben","OK","1951","2012","61","0"
"station_info","tyskland","fehmarn","OK","1996","2012","17","1"
"station_info","tyskland","fichtelberg","OK","1949","2012","64","0"
"station_info","tyskland","frankfurt","OK","1757","2012","256","53"
"station_info","tyskland","fritzlar","OK","2000","2012","13","1"
"station_info","tyskland","gorlitz","OK","1947","2012","66","0"
"station_info","tyskland","greifswald","OK","1947","2012","66","27"
"station_info","tyskland","hamburg","OK","1891","2012","122","0"
"station_info","tyskland","hannover","OK","1856","2012","157","8"
"station_info","tyskland","helgoland","OK","1953","2012","60","0"
"station_info","tyskland","hof","OK","1947","2012","66","0"
"station_info","tyskland","hohenpeissenberg","OK","1781","2012","232","1"
"station_info","tyskland","kahler_asten","OK","1955","2012","58","0"
"station_info","tyskland","karlsruhe","OK","1876","2012","137","4"
"station_info","tyskland","kempten","OK","1952","2012","61","0"
"station_info","tyskland","koeln_bonn","OK","1957","2012","56","0"
"station_info","tyskland","konstanz","OK","1972","2012","41","1"
"station_info","tyskland","leipzig_schkeuditz","OK","1972","2012","41","1"
"station_info","tyskland","lindenberg","OK","1947","2012","66","0"
"station_info","tyskland","magdeburg","OK","1947","2012","66","0"
"station_info","tyskland","meiningen","OK","1979","2012","34","0"
"station_info","tyskland","munchen","OK","1781","2012","232","1"
"station_info","tyskland","munster_osna","OK","1989","2012","24","1"
"station_info","tyskland","neuruppin","OK","1961","2012","52","11"
"station_info","tyskland","nurburg_barweiler","OK","1995","2012","18","1"
"station_info","tyskland","nurnberg","OK","1955","2012","58","0"
"station_info","tyskland","oberstdorf","OK","1936","2012","77","0"
"station_info","tyskland","potsdam","OK","1893","2012","120","0"
"station_info","tyskland","rheinstetten","OK","1876","2012","137","0"
"station_info","tyskland","rostock_warnemunde","OK","1947","2012","66","0"
"station_info","tyskland","saarbrucken","OK","1951","2012","62","0"
"station_info","tyskland","schleswig","OK","1947","2012","66","0"
"station_info","tyskland","schwerin","OK","1890","2012","123","8"
"station_info","tyskland","straubing","OK","1951","2012","62","20"
"station_info","tyskland","stuttgart_1792","OK","1792","2005","214","28"
"station_info","tyskland","stuttgart","OK","1953","2012","60","0"
"station_info","tyskland","sylt","OK","1937","2012","73","0"
"station_info","tyskland","trier","OK","1938","2012","75","12"
"station_info","tyskland","westermarkelsdorf","OK","1948","2012","65","12"
"station_info","tyskland","wurzburg","OK","1947","2012","66","0"
"station_info","tyskland","zugspitze","OK","1951","2012","62","0"
"station_info","ukraina","ai_petri","OK","1895","2010","116","1"
"station_info","ukraina","kharkov","OK","1912","2012","101","2"
"station_info","ukraina","kiev","OK","1881","2011","131","1"
"station_info","ukraina","lvov","OK","1936","2011","76","1"
"station_info","ukraina","odessa","OK","1894","2011","118","1"
"station_info","ukraina","poltava","OK","1900","2011","112","1"
"station_info","ukraina","simferopol","OK","1960","2007","48","2"
"station_info","ukraina","uman","OK","1885","2011","127","1"
"station_info","ukraina","uzhgorod","OK","1946","2011","66","1"
"station_info","ungarn","budapest","ERROR","NA","NA","NA","NA"
"station_info","ungarn","debresen","ERROR","NA","NA","NA","NA"
"station_info","ungarn","pecs","OK","1951","2009","59","1"
"station_info","ungarn","szeged","OK","1951","2009","59","1"
"station_info","uruguay","rocha","OK","1951","2009","59","9"
"station_info","usa","abilene","OK","1886","2012","127","1"
"station_info","usa","albuquerque","OK","1893","2012","120","1"
"station_info","usa","amarillo","OK","1892","2012","121","4"
"station_info","usa","anchorage","OK","1916","2012","97","2"
"station_info","usa","annette_island","OK","1941","2012","72","1"
"station_info","usa","atlanta","OK","1881","2012","132","1"
"station_info","usa","barrow","OK","1901","2012","112","17"
"station_info","usa","barter_island","OK","1948","2012","65","16"
"station_info","usa","billings","OK","1894","2012","119","1"
"station_info","usa","bismarck","OK","1881","2012","132","1"
"station_info","usa","boise","OK","1881","2012","132","1"
"station_info","usa","boston","OK","1881","2012","132","1"
"station_info","usa","boulder","ERROR","NA","NA","NA","NA"
"station_info","usa","bozeman","OK","1895","2012","118","6"
"station_info","usa","buffalo","ERROR","NA","NA","NA","NA"
"station_info","usa","caribou","OK","1947","2012","66","2"
"station_info","usa","carlsbad","ERROR","NA","NA","NA","NA"
"station_info","usa","casper","OK","1947","2012","66","2"
"station_info","usa","charleston","OK","1949","2012","64","1"
"station_info","usa","charlotte","ERROR","NA","NA","NA","NA"
"station_info","usa","chattanooga","OK","1881","2012","132","1"
"station_info","usa","chicago2","OK","1881","1981","101","0"
"station_info","usa","chicago","OK","1873","2012","140","1"
"station_info","usa","cincinatti","OK","1881","2012","132","1"
"station_info","usa","claremore","OK","1916","2012","97","8"
"station_info","usa","coeur_dalene","ERROR","NA","NA","NA","NA"
"station_info","usa","columbia","OK","1889","2012","124","2"
"station_info","usa","columbus","OK","1881","2012","132","1"
"station_info","usa","concordia","ERROR","NA","NA","NA","NA"
"station_info","usa","concord","OK","1881","2012","132","1"
"station_info","usa","death_valley","OK","1911","2012","102","17"
"station_info","usa","denver","OK","1873","2005","133","3"
"station_info","usa","des_moines","OK","1881","2012","132","1"
"station_info","usa","detro2","OK","1881","2006","126","1"
"station_info","usa","detroit","OK","1881","2012","132","1"
"station_info","usa","dodge_city","OK","1881","2012","132","1"
"station_info","usa","duluth","OK","1904","2012","109","3"
"station_info","usa","eagles_pass2","ERROR","NA","NA","NA","NA"
"station_info","usa","eagles_pass","OK","1899","2012","114","6"
"station_info","usa","elko","ERROR","NA","NA","NA","NA"
"station_info","usa","fairbanks","OK","1929","2012","84","2"
"station_info","usa","fargo","OK","1881","2012","132","1"
"station_info","usa","flagstaff","OK","1891","2004","114","5"
"station_info","usa","fort_wayne","OK","1897","2012","116","2"
"station_info","usa","galveston","OK","1881","2012","132","1"
"station_info","usa","grand_canyon","OK","1907","2012","106","10"
"station_info","usa","grand_island","OK","1944","2012","69","2"
"station_info","usa","grand_junction","OK","1892","2012","121","1"
"station_info","usa","grand_rapids","OK","1887","2012","126","5"
"station_info","usa","green_bay","OK","1886","2012","127","2"
"station_info","usa","honolulu","OK","1898","2012","115","2"
"station_info","usa","huron","OK","1881","2012","132","2"
"station_info","usa","indianapolis","OK","1881","2012","132","1"
"station_info","usa","international_falls","OK","1947","2012","66","2"
"station_info","usa","jackson_allen","OK","1947","2012","66","2"
"station_info","usa","jacksonville","OK","1881","2012","132","1"
"station_info","usa","kansas2","ERROR","NA","NA","NA","NA"
"station_info","usa","kansas","ERROR","NA","NA","NA","NA"
"station_info","usa","king_salmon","ERROR","NA","NA","NA","NA"
"station_info","usa","knoxville","OK","1881","2012","132","1"
"station_info","usa","kotzebue","OK","1897","2012","116","31"
"station_info","usa","lander","OK","1892","2012","121","1"
"station_info","usa","las_vegas_St_Fe","OK","1875","1993","119","0"
"station_info","usa","las_vegas","OK","1937","2012","76","1"
"station_info","usa","lexington","OK","1887","2012","126","2"
"station_info","usa","lincoln","OK","1886","2004","119","3"
"station_info","usa","los_angeles","OK","1881","2012","132","7"
"station_info","usa","louisville","OK","1881","2012","132","4"
"station_info","usa","macon","OK","1881","2012","132","11"
"station_info","usa","madison","OK","1881","2012","132","1"
"station_info","usa","marquette","OK","1881","2012","132","3"
"station_info","usa","mcgrath","OK","1941","2012","72","2"
"station_info","usa","meridian_key","OK","1889","2012","124","2"
"station_info","usa","miami","OK","1895","2012","118","3"
"station_info","usa","milwaukee","OK","1881","2012","132","1"
"station_info","usa","minneapolis_old","OK","1819","2006","188","2"
"station_info","usa","minneapolis","ERROR","NA","NA","NA","NA"
"station_info","usa","mobile","OK","1881","2012","132","1"
"station_info","usa","montgomery","OK","1948","2012","65","1"
"station_info","usa","nashville","OK","1881","2012","132","1"
"station_info","usa","new_orleans_gml","OK","1874","2005","132","1"
"station_info","usa","new_orleans","ERROR","NA","NA","NA","NA"
"station_info","usa","new_york_gml","OK","1822","2007","187","2"
"station_info","usa","new_york_stamford","OK","1895","2012","118","12"
"station_info","usa","new_york","ERROR","NA","NA","NA","NA"
"station_info","usa","nome","OK","1917","2012","96","5"
"station_info","usa","nordfolk","OK","1948","2012","65","1"
"station_info","zimbabwe","bulawayo","OK","1897","1993","97","6"
"station_info","zimbabwe","harare","OK","1898","1993","96","4"
